{
    "normals":[0.016417,-0.999865,-0,-0.296681,0.954977,0,0,0,0,-0.000355,-1,-0,0.29668,0.954977,0,0,-1,-0,0,1,0,0,-1,-0,0,1,0,-1,0,-0,0,-0,1,1,0,-0,0,0,-1,-0.296679,0.954977,0,-0.016417,-0.999865,-0,0.296681,0.954977,0,0.016417,-0.999865,-0,-0.29668,0.954977,0,-0.016417,-0.999865,-0,0.296681,0.954977,0,0,-1,-0,0,1,0,0,-1,-0,0,1,0,-0.29668,0.954977,0,0.016417,-0.999865,-0,-0.29668,0.954977,0,-0.016417,-0.999865,-0,0.296681,0.954977,0,0,-1,-0,0,1,0,0,-1,-0,0,1,0,-1,0,0,1,-0,0,0,0,1,-1,0,-0,0,-0,-1,0,0,1,0,0,-1,1,0,-0,0.000355,-1,-0,-0.29668,0.954977,0,0.296681,0.954977,0,0.000355,-1,-0,-0.296681,0.954977,0,-0.000355,-1,-0,0.296679,0.954977,0,0.000355,-1,-0,-0.296681,0.954977,0,-0.000355,-1,-0,0.29668,0.954977,0,0.000355,-1,-0,-0.000355,-1,-0,0.29668,0.954977,0,0.000355,-1,-0,-0.296681,0.954977,0,-0.000355,-1,-0,0.29668,0.954977,0,-0,0,1,-0,0,-1],
    "vertices":[-2.97314,-0.220039,16,-3,-0.22048,16,-3,-0.22048,15.9192,-2.97314,-0.220039,15.9192,-3,-0.213369,15.9192,-3,-0.213369,16,-2.36625,-0.016483,16,-2.36625,-0.016483,15.9192,-2.97314,-0.220039,16,-3,-0.22048,16,3,-0.22048,16,3,-0.22048,16,3,-0.22048,15.9192,3,-0.22048,15.9192,3,-0.220475,-16,2.97314,-0.220034,-16,2.97314,-0.220034,-16,3,-0.220475,-16,-3,-0.220475,-16,-3,-0.220475,-16,-3,-0.220475,-15.9192,-3,-0.220475,-15.9192,1.7325,-0.219594,-15.9192,1.7325,-0.219594,-16,2.97314,-0.220034,-15.9192,1.7325,0.180402,15.9192,1.7325,0.180402,16,2.36625,-0.016483,16,2.36625,-0.016483,15.9192,1.7325,-0.219598,16,2.97314,-0.220039,16,2.97314,-0.220039,16,1.7325,-0.219598,16,-1.7325,-0.219594,-16,-2.97314,-0.220034,-16,-2.97314,-0.220034,-16,-1.7325,-0.219594,-16,-1.7325,-0.219594,-15.9192,-1.7032,-0.219594,-16,-1.7032,-0.219594,-15.9192,-1.7325,0.220476,15.9192,-1.7325,0.220476,16,-1.7032,0.220476,16,-1.7032,0.220476,15.9192,-1.7325,-0.219598,16,-1.7325,-0.219598,16,-1.7032,-0.219598,16,-1.7032,-0.219598,16,1.7325,-0.219594,-16,1.7032,-0.219594,-16,1.7032,-0.219594,-16,1.7032,-0.219594,-15.9192,1.7032,0.220476,15.9192,1.7032,0.220476,16,1.7325,0.220476,16,1.7325,0.220476,15.9192,1.7032,-0.219598,16,1.7032,-0.219598,16,-1.7032,-0.219594,-16,-1.7032,0.180402,15.9192,-1.7032,0.180402,16,1.7032,0.180402,16,1.7032,0.180402,15.9192,-1.7325,0.180406,-16,-1.7325,0.180406,-15.9192,-1.7325,0.180406,-15.9192,-1.7325,0.180406,-16,-1.7032,0.180402,16,-1.7325,0.180402,16,-1.7325,0.180402,16,-1.7032,0.180402,15.9192,-1.7032,0.180406,-16,-1.7032,0.180406,-16,1.7325,0.180402,16,1.7032,0.180402,16,1.7325,0.180402,15.9192,1.7032,0.180406,-16,1.7325,0.180406,-16,1.7325,0.180406,-16,1.7032,0.180406,-16,1.7032,0.180406,-15.9192,1.7032,0.180406,-15.9192,-1.7325,0.213103,-16,-1.7325,0.213103,-15.9192,-1.7032,0.213099,16,-1.7325,0.213099,16,-1.7032,0.213099,15.9192,-1.7032,0.213103,-16,1.7325,0.213099,16,1.7032,0.213099,16,1.7325,0.213099,15.9192,1.7032,0.213103,-16,1.7325,0.213103,-16,1.7032,0.213103,-15.9192,-1.7325,0.22048,-16,-1.7325,0.22048,-15.9192,-1.7032,0.22048,-16,1.7032,0.22048,-16,1.7325,0.22048,-16,1.7032,0.22048,-15.9192,-2.97314,-0.220034,-15.9192,-3,-0.220475,-15.9192,-3,-0.220475,-16,-2.36625,-0.016479,-15.9192,-2.36625,-0.016479,-16,3,-0.220475,-15.9192,3,-0.220475,-15.9192,3,-0.220475,-16,3,-0.220475,-16,-3,-0.22048,15.9192,-3,-0.22048,15.9192,-3,-0.22048,16,-3,-0.22048,16,2.97314,-0.220039,15.9192,3,-0.22048,15.9192,3,-0.22048,16,2.36625,-0.016479,-15.9192,3,-0.213365,-15.9192,3,-0.213365,-16,2.36625,-0.016479,-16,-1.7325,-0.219598,15.9192,-1.7032,-0.219598,15.9192,-1.7032,0.22048,-15.9192,1.7032,-0.219598,15.9192,1.7325,-0.219598,15.9192,1.7325,0.22048,-15.9192,-1.7032,0.180406,-15.9192,-1.7325,0.180402,15.9192,-1.7325,0.180402,15.9192,-1.7032,0.180406,-15.9192,1.7325,0.180406,-15.9192,1.7325,0.180406,-15.9192,1.7032,0.180402,15.9192,-1.7325,0.213099,15.9192,-1.7032,0.213103,-15.9192,1.7325,0.213103,-15.9192,1.7032,0.213099,15.9192,-3,-0.22048,14.2211,-2.97314,-0.220039,14.2211,-1.7325,0.180402,14.2211,-2.36625,-0.016483,14.2211,3,-0.22048,14.2211,3,-0.22048,14.2211,-3,-0.220475,-14.2211,-3,-0.220475,-14.2211,3,-0.220475,-15.9192,3,-0.220475,-14.2211,2.97314,-0.220034,-14.2211,3,-0.213369,15.9192,3,-0.213369,14.2211,2.36625,-0.016483,14.2211,-1.7032,-0.219594,-14.2211,-1.7325,-0.219594,-14.2211,-1.7032,0.220476,14.2211,-1.7325,0.220476,14.2211,1.7325,-0.219594,-14.2211,1.7032,-0.219594,-14.2211,1.7325,0.220476,14.2211,1.7032,0.220476,14.2211,1.7032,0.180402,14.2211,-1.7032,0.180402,14.2211,-1.7325,0.180406,-14.2211,-1.7325,0.180406,-14.2211,-1.7032,0.180402,14.2211,1.7325,0.180402,14.2211,1.7325,0.180402,14.2211,1.7032,0.180406,-14.2211,1.7032,0.180406,-14.2211,-1.7325,0.213103,-14.2211,-1.7032,0.213099,14.2211,1.7325,0.213099,14.2211,1.7032,0.213103,-14.2211,-1.7325,0.22048,-14.2211,1.7032,0.22048,-14.2211,3,-0.213365,-15.9192,3,-0.213365,-16,3,-0.213365,-14.2211,3,-0.213365,-14.2211,3,-0.213369,16,3,-0.213369,15.9192,3,-0.213369,16,3,-0.213369,16,3,-0.213369,16,3,-0.22048,14.2211,-3,-0.213369,15.9192,-3,-0.213369,16,-3,-0.213369,14.2211,-3,-0.213369,14.2211,-3,-0.213365,-16,-3,-0.213365,-15.9192,-3,-0.213365,-15.9192,-3,-0.213365,-16,-3,-0.213365,-16,-3,-0.213365,-16,-3,-0.220475,-14.2211,-2.97314,-0.220034,-14.2211,-2.36625,-0.016479,-14.2211,3,-0.220475,-14.2211,3,-0.220475,-14.2211,-3,-0.22048,14.2211,-3,-0.22048,14.2211,2.97314,-0.220039,14.2211,2.36625,-0.016479,-14.2211,-1.7325,-0.219598,14.2211,-1.7032,-0.219598,14.2211,-1.7032,0.22048,-14.2211,1.7032,-0.219598,14.2211,1.7325,-0.219598,14.2211,1.7325,0.22048,-14.2211,-1.7032,0.180406,-14.2211,-1.7325,0.180402,14.2211,-1.7032,0.180406,-14.2211,1.7325,0.180406,-14.2211,1.7325,0.180406,-14.2211,1.7032,0.180402,14.2211,-1.7325,0.213099,14.2211,-1.7032,0.213103,-14.2211,1.7325,0.213103,-14.2211,1.7032,0.213099,14.2211,3,-0.213369,14.2211,-3,-0.213365,-14.2211,-3,-0.213365,-14.2211,-1.7325,0.180402,16,-2.36625,-0.016483,16,3,-0.213369,15.9192,1.7325,0.180406,-16,2.36625,-0.016479,-16,-3,-0.213365,-15.9192,2.36625,-0.016483,16,-2.36625,-0.016479,-16,-1.7032,0.180402,16,1.7032,0.180406,-16,1.7032,0.180402,16,1.7325,0.180402,16,-1.7032,0.180406,-16,-1.7325,0.180406,-16,3,-0.213365,-15.9192,3,-0.213365,-16,-3,-0.213369,15.9192,-3,-0.213369,16,3,-0.213369,14.2211,-3,-0.213365,-14.2211,3,-0.213365,-16,3,-0.22048,16,-3,-0.213369,16,-3,-0.220475,-16,3,-0.213365,-14.2211,-3,-0.213369,14.2211],
    "metadata":{
        "type":"Geometry",
        "vertices":248,
        "version":3,
        "uvs":1,
        "normals":61,
        "materials":1,
        "faces":246,
        "generator":"io_three"
    },
    "materials":[{
        "colorSpecular":[0.5,0.5,0.5],
        "wireframe":false,
        "visible":true,
        "DbgColor":15658734,
        "colorDiffuse":[0.64,0.64,0.64],
        "transparent":false,
        "colorEmissive":[0,0,0],
        "opacity":1,
        "shading":"phong",
        "depthTest":true,
        "blending":"NormalBlending",
        "specularCoef":50,
        "depthWrite":true,
        "DbgName":"Ruler_Plastic.001",
        "DbgIndex":0
    }],